codon,tWeight
TTT,0.076661382
TTC,0.115131579
TTA,0.115131579
TTG,0.180921053
TCT,0.17542531
TCC,0.148026316
TCA,0.178138462
TCG,0.098684211
TAT,0.120467886
TAC,0.180921053
TGT,0.673544931
TGC,1
TGG,0.148026316
CTT,0.082236842
CTC,0.065789474
CTA,0.130187652
CTG,0.230263158
CCT,0.142530573
CCC,0.121710526
CCA,0.234616033
CCG,0.180921053
CAT,0.125963629
CAC,0.177631579
CAA,0.128011215
CAG,0.3125
CGT,0.098684211
CGC,0.078947368
CGA,0.159514656
CGG,0.131578947
ATT,0.208320047
ATC,0.174342105
ATA,0.23679247
ATG,0.3125
ACT,0.180921053
ACC,0.144736842
ACA,0.207465466
ACG,0.131578947
AAT,0.142371138
AAC,0.213815789
AAA,0.230263158
AAG,0.657894737
AGT,0.087613008
AGC,0.131578947
AGA,0.098684211
AGG,0.180921053
GTT,0.142530573
GTC,0.121710526
GTA,0.15237919
GTG,0.246710526
GCT,0.422095978
GCC,0.368421053
GCA,0.477152672
GCG,0.345394737
GAT,0.175226017
GAC,0.263157895
GAA,0.131578947
GAG,0.361842105
GGT,0.197169127
GGC,0.273026316
GGA,0.157338219
GGG,0.246710526
