codon,tWeight
TTT,0.439757659
TTC,0.45
TTA,0.125
TTG,0.3
TCT,0.275
TCC,0.275
TCA,0.204630773
TCG,0.2
TAT,0.391464716
TAC,0.4
TGT,0.782360413
TGC,0.8
TGG,0.25
CTT,0.325
CTC,0.325
CTA,0.22365455
CTG,0.325
CCT,0.299430981
CCC,0.3
CCA,0.329630773
CCG,0.325
CAT,0.24430981
CAC,0.25
CAA,0.225
CAG,0.8
CGT,0.175
CGC,0.175
CGA,0.216583219
CGG,0.25
ATT,0.498292943
ATC,0.5
ATA,0.286702103
ATG,0.525
ACT,0.25
ACC,0.25
ACA,0.245118884
ACG,0.3
AAT,0.953946299
AAC,0.975
AAA,0.494023777
AAG,1
AGT,0.220447848
AGC,0.225
AGA,0.159511888
AGG,0.325
GTT,0.275
GTC,0.275
GTA,0.229630773
GTG,0.625
GCT,0.825
GCC,0.825
GCA,0.563892318
GCG,0.375
GAT,0.46418864
GAC,0.475
GAA,0.475
GAG,0.775
GGT,0.366464716
GGC,0.375
GGA,0.275
GGG,0.525
